company_id,company_name,company_size,industry,industry_ai_adoption_stage
1,NextGen Technologies,Small,Education,Growing
2,Future Solutions,Medium,Energy,Emerging
3,Future Analytics,Startup,Finance,Emerging
4,Global Technologies,Large,Government,Emerging
5,Future Technologies,Small,Manufacturing,Emerging
6,Future Analytics,Enterprise,Government,Growing
7,Prime Systems,Medium,Healthcare,Emerging
8,NextGen Solutions,Large,Healthcare,Emerging
9,Prime Technologies,Startup,Education,Growing
10,Global Technologies,Startup,Government,Growing
11,Prime Systems,Startup,Agriculture,Emerging
12,Prime Technologies,Medium,Education,Emerging
13,Global Systems,Enterprise,Tech,Growing
14,Global Solutions,Medium,Education,Emerging
15,Future Technologies,Large,Agriculture,Growing
16,Prime Technologies,Small,Energy,Emerging
17,NextGen Technologies,Large,Finance,Emerging
18,Global Systems,Medium,Agriculture,Growing
19,Prime Systems,Enterprise,Tech,Mature
20,Global Solutions,Large,Education,Emerging
21,Global Analytics,Enterprise,Agriculture,Growing
22,Future Analytics,Enterprise,Healthcare,Growing
23,NextGen Technologies,Medium,Education,Growing
24,NextGen Analytics,Startup,Government,Growing
25,Future Analytics,Enterprise,Energy,Emerging
26,Global Technologies,Small,Retail,Emerging
27,Global Solutions,Enterprise,Finance,Growing
28,NextGen Analytics,Large,Tech,Growing
29,Prime Solutions,Medium,Finance,Growing
30,Prime Systems,Small,Finance,Emerging
31,NextGen Technologies,Enterprise,Energy,Growing
32,Prime Systems,Small,Agriculture,Emerging
33,Prime Technologies,Large,Energy,Emerging
34,Prime Solutions,Startup,Manufacturing,Emerging
35,Future Analytics,Small,Agriculture,Emerging
36,Prime Solutions,Startup,Tech,Growing
37,Future Systems,Medium,Government,Growing
38,NextGen Technologies,Startup,Government,Growing
39,NextGen Analytics,Medium,Government,Emerging
40,NextGen Technologies,Small,Government,Growing
41,NextGen Systems,Small,Tech,Mature
42,Prime Systems,Startup,Agriculture,Growing
43,NextGen Technologies,Small,Healthcare,Growing
44,Future Solutions,Enterprise,Retail,Growing
45,NextGen Technologies,Large,Manufacturing,Emerging
46,NextGen Systems,Startup,Retail,Growing
47,NextGen Analytics,Small,Agriculture,Growing
48,Future Technologies,Large,Tech,Growing
49,Global Solutions,Small,Manufacturing,Emerging
50,Future Analytics,Large,Government,Emerging
51,Future Analytics,Small,Finance,Emerging
52,Future Technologies,Medium,Finance,Mature
53,Future Systems,Startup,Retail,Growing
54,Global Systems,Medium,Manufacturing,Growing
55,Global Solutions,Enterprise,Healthcare,Emerging
56,NextGen Technologies,Small,Manufacturing,Emerging
57,Future Systems,Medium,Finance,Mature
58,NextGen Technologies,Enterprise,Finance,Emerging
59,Global Solutions,Medium,Retail,Growing
60,Future Systems,Startup,Agriculture,Growing
61,Future Technologies,Large,Manufacturing,Growing
62,Prime Solutions,Small,Retail,Growing
63,NextGen Analytics,Startup,Manufacturing,Emerging
64,Prime Analytics,Small,Government,Growing
65,Global Technologies,Startup,Agriculture,Emerging
66,Global Solutions,Small,Retail,Emerging
67,Prime Systems,Medium,Finance,Mature
68,Global Analytics,Startup,Healthcare,Growing
69,NextGen Technologies,Enterprise,Retail,Emerging
70,Future Systems,Startup,Manufacturing,Growing
71,Prime Technologies,Large,Finance,Mature
72,Future Solutions,Small,Tech,Emerging
73,Prime Systems,Medium,Agriculture,Emerging
74,NextGen Solutions,Medium,Retail,Emerging
75,Prime Systems,Enterprise,Government,Growing
76,Future Solutions,Startup,Agriculture,Growing
77,Global Systems,Small,Healthcare,Emerging
78,NextGen Solutions,Medium,Energy,Growing
79,NextGen Solutions,Large,Manufacturing,Emerging
80,Prime Solutions,Enterprise,Energy,Emerging
81,Future Systems,Startup,Energy,Emerging
82,Future Technologies,Large,Finance,Growing
83,Global Technologies,Medium,Government,Emerging
84,Future Technologies,Enterprise,Manufacturing,Growing
85,Future Solutions,Medium,Healthcare,Growing
86,Prime Analytics,Startup,Government,Growing
87,Global Systems,Startup,Healthcare,Growing
88,NextGen Systems,Large,Agriculture,Emerging
89,Future Systems,Large,Healthcare,Emerging
90,Future Analytics,Medium,Manufacturing,Emerging
91,Global Technologies,Enterprise,Tech,Emerging
92,Global Systems,Enterprise,Tech,Mature
93,Global Systems,Large,Energy,Growing
94,Global Analytics,Large,Tech,Emerging
95,Future Technologies,Enterprise,Healthcare,Emerging
96,Future Analytics,Medium,Tech,Mature
97,NextGen Systems,Enterprise,Agriculture,Growing
98,NextGen Analytics,Small,Education,Emerging
99,Prime Systems,Startup,Government,Growing
100,Future Technologies,Large,Education,Growing
101,Prime Analytics,Startup,Education,Emerging
102,Global Systems,Enterprise,Energy,Growing
103,NextGen Analytics,Enterprise,Education,Emerging
104,Prime Technologies,Startup,Retail,Growing
105,Prime Analytics,Medium,Retail,Growing
106,NextGen Analytics,Large,Manufacturing,Emerging
107,Prime Solutions,Large,Education,Growing
108,Future Technologies,Medium,Government,Emerging
109,Global Analytics,Enterprise,Retail,Emerging
110,NextGen Solutions,Large,Retail,Growing
111,Prime Analytics,Startup,Tech,Growing
112,NextGen Solutions,Startup,Energy,Growing
113,Future Systems,Small,Energy,Growing
114,Prime Systems,Startup,Healthcare,Growing
115,Global Technologies,Medium,Education,Emerging
116,Global Technologies,Medium,Agriculture,Growing
117,Future Solutions,Large,Manufacturing,Emerging
118,Future Systems,Small,Education,Growing
119,Future Systems,Small,Tech,Emerging
120,Global Technologies,Small,Manufacturing,Growing
121,Future Systems,Medium,Energy,Emerging
122,NextGen Analytics,Enterprise,Government,Growing
123,Future Analytics,Large,Energy,Growing
124,NextGen Systems,Enterprise,Government,Emerging
125,Future Systems,Medium,Energy,Growing
126,Global Analytics,Startup,Tech,Emerging
127,Future Solutions,Small,Healthcare,Emerging
128,NextGen Solutions,Small,Government,Growing
129,Prime Systems,Small,Tech,Mature
130,NextGen Systems,Large,Retail,Growing
131,NextGen Solutions,Large,Manufacturing,Growing
132,Global Technologies,Enterprise,Government,Growing
133,Prime Systems,Startup,Retail,Emerging
134,NextGen Systems,Large,Manufacturing,Growing
135,Future Technologies,Medium,Tech,Emerging
136,Future Technologies,Small,Healthcare,Emerging
137,Future Systems,Medium,Tech,Mature
138,NextGen Solutions,Small,Retail,Growing
139,Future Solutions,Enterprise,Retail,Emerging
140,Prime Analytics,Medium,Retail,Emerging
141,NextGen Analytics,Startup,Finance,Growing
142,Prime Technologies,Small,Manufacturing,Growing
143,Future Analytics,Startup,Manufacturing,Growing
144,Global Technologies,Enterprise,Education,Growing
145,Future Solutions,Enterprise,Healthcare,Emerging
146,Prime Analytics,Enterprise,Finance,Emerging
147,Future Solutions,Startup,Education,Growing
148,Prime Technologies,Small,Finance,Mature
149,NextGen Solutions,Small,Retail,Emerging
150,Future Analytics,Small,Tech,Mature
151,Prime Systems,Large,Manufacturing,Growing
152,Global Analytics,Medium,Manufacturing,Growing
153,NextGen Technologies,Small,Retail,Emerging
154,Global Analytics,Medium,Energy,Growing
155,Global Analytics,Large,Retail,Emerging
156,NextGen Systems,Small,Finance,Mature
157,NextGen Solutions,Startup,Finance,Emerging
158,Global Systems,Small,Agriculture,Emerging
159,NextGen Analytics,Small,Government,Growing
160,NextGen Systems,Large,Retail,Emerging
161,Future Solutions,Large,Education,Growing
162,Prime Technologies,Startup,Manufacturing,Growing
163,Global Technologies,Enterprise,Retail,Growing
164,Global Systems,Large,Finance,Mature
165,Global Technologies,Medium,Government,Growing
166,Future Analytics,Small,Agriculture,Growing
167,Future Technologies,Medium,Agriculture,Growing
168,NextGen Systems,Enterprise,Tech,Mature
169,Prime Solutions,Enterprise,Education,Growing
170,Future Technologies,Large,Manufacturing,Emerging
171,Global Technologies,Large,Manufacturing,Emerging
172,NextGen Analytics,Enterprise,Retail,Emerging
173,Global Systems,Enterprise,Manufacturing,Emerging
174,Future Technologies,Large,Energy,Growing
175,Global Analytics,Medium,Education,Growing
176,Future Technologies,Startup,Education,Emerging
177,Global Solutions,Medium,Healthcare,Growing
178,Future Technologies,Medium,Agriculture,Emerging
179,Global Technologies,Small,Healthcare,Growing
180,Prime Solutions,Large,Energy,Emerging
181,Global Analytics,Small,Healthcare,Emerging
182,Global Solutions,Startup,Agriculture,Emerging
183,Prime Technologies,Large,Retail,Emerging
184,Global Analytics,Large,Agriculture,Growing
185,NextGen Analytics,Startup,Agriculture,Emerging
186,NextGen Analytics,Medium,Healthcare,Growing
187,Global Systems,Startup,Tech,Mature
188,NextGen Systems,Startup,Education,Growing
189,Prime Analytics,Startup,Retail,Growing
190,Future Technologies,Small,Energy,Emerging
191,Future Technologies,Small,Government,Emerging
192,Future Analytics,Large,Education,Emerging
193,Global Analytics,Small,Agriculture,Emerging
194,Future Analytics,Small,Retail,Emerging
195,Prime Solutions,Startup,Finance,Mature
196,Prime Analytics,Enterprise,Government,Growing
197,Future Systems,Medium,Healthcare,Growing
198,Future Solutions,Large,Healthcare,Growing
199,Global Technologies,Medium,Education,Growing
200,Global Solutions,Small,Agriculture,Emerging
201,NextGen Solutions,Startup,Retail,Growing
202,Prime Technologies,Startup,Agriculture,Emerging
203,NextGen Systems,Enterprise,Healthcare,Emerging
204,NextGen Solutions,Medium,Education,Growing
205,Prime Systems,Startup,Education,Growing
206,NextGen Technologies,Medium,Finance,Emerging
207,Global Solutions,Startup,Energy,Growing
208,NextGen Analytics,Enterprise,Retail,Growing
209,NextGen Solutions,Enterprise,Education,Emerging
210,Prime Solutions,Medium,Energy,Growing
211,Prime Solutions,Startup,Education,Growing
212,NextGen Solutions,Small,Education,Emerging
213,Global Analytics,Enterprise,Education,Emerging
214,Global Solutions,Startup,Tech,Mature
215,Future Systems,Large,Retail,Growing
216,Global Technologies,Small,Energy,Emerging
217,Prime Technologies,Small,Finance,Emerging
218,Prime Analytics,Medium,Tech,Mature
219,Global Analytics,Startup,Agriculture,Emerging
220,Global Systems,Medium,Energy,Emerging
221,Global Systems,Startup,Government,Emerging
222,Global Analytics,Medium,Healthcare,Emerging
223,Future Systems,Startup,Healthcare,Emerging
224,Global Solutions,Startup,Tech,Growing
225,Future Analytics,Enterprise,Finance,Emerging
226,NextGen Analytics,Medium,Education,Emerging
227,Global Technologies,Enterprise,Manufacturing,Growing
228,Global Technologies,Large,Government,Growing
229,Future Technologies,Enterprise,Healthcare,Growing
230,Future Systems,Enterprise,Tech,Growing
231,Future Solutions,Small,Manufacturing,Emerging
232,Prime Solutions,Startup,Healthcare,Emerging
233,Future Solutions,Large,Manufacturing,Growing
234,Global Solutions,Enterprise,Retail,Growing
235,Global Analytics,Enterprise,Education,Growing
236,Global Technologies,Medium,Energy,Emerging
237,Future Systems,Enterprise,Finance,Growing
238,NextGen Analytics,Large,Healthcare,Emerging
239,Future Analytics,Large,Agriculture,Growing
240,Global Technologies,Enterprise,Healthcare,Emerging
241,Future Systems,Large,Agriculture,Growing
242,NextGen Analytics,Small,Finance,Mature
243,Future Systems,Large,Government,Emerging
244,Prime Solutions,Large,Energy,Growing
245,Global Systems,Startup,Manufacturing,Growing
246,Global Systems,Startup,Tech,Emerging
247,Global Solutions,Medium,Government,Emerging
248,Future Analytics,Large,Healthcare,Growing
249,Future Solutions,Large,Government,Growing
250,Future Analytics,Startup,Agriculture,Emerging
251,Global Analytics,Enterprise,Government,Growing
252,Global Systems,Small,Education,Emerging
253,Prime Technologies,Startup,Tech,Emerging
254,Future Technologies,Medium,Manufacturing,Emerging
255,Prime Systems,Startup,Tech,Emerging
256,Future Solutions,Small,Healthcare,Growing
257,NextGen Systems,Small,Retail,Emerging
258,Global Analytics,Small,Manufacturing,Growing
259,Global Solutions,Large,Manufacturing,Emerging
260,Future Systems,Enterprise,Agriculture,Growing
261,NextGen Analytics,Small,Finance,Growing
262,Future Technologies,Enterprise,Government,Growing
263,NextGen Technologies,Small,Healthcare,Emerging
264,Future Analytics,Startup,Finance,Growing
265,NextGen Technologies,Startup,Manufacturing,Emerging
266,Prime Solutions,Medium,Government,Emerging
267,NextGen Systems,Large,Government,Emerging
268,Future Analytics,Small,Energy,Growing
269,Prime Solutions,Medium,Finance,Mature
270,Future Solutions,Small,Government,Growing
271,NextGen Solutions,Medium,Manufacturing,Growing
272,Future Technologies,Startup,Government,Growing
273,Global Technologies,Startup,Healthcare,Emerging
274,Future Solutions,Enterprise,Finance,Emerging
275,Prime Solutions,Small,Manufacturing,Emerging
276,Global Analytics,Large,Finance,Growing
277,Global Technologies,Startup,Healthcare,Growing
278,Prime Solutions,Small,Finance,Mature
279,Future Technologies,Startup,Healthcare,Growing
280,Prime Analytics,Medium,Agriculture,Growing
281,Prime Analytics,Large,Manufacturing,Emerging
282,Future Analytics,Startup,Tech,Growing
283,Prime Analytics,Startup,Finance,Growing
284,Global Solutions,Enterprise,Finance,Emerging
285,Future Analytics,Enterprise,Tech,Emerging
286,NextGen Analytics,Large,Energy,Growing
287,Prime Systems,Startup,Energy,Growing
288,Future Analytics,Enterprise,Finance,Growing
289,Global Technologies,Small,Tech,Emerging
290,Prime Analytics,Medium,Government,Emerging
291,NextGen Systems,Small,Manufacturing,Growing
292,Future Solutions,Enterprise,Healthcare,Growing
293,Prime Technologies,Startup,Healthcare,Growing
294,Global Systems,Small,Retail,Emerging
295,Future Solutions,Large,Retail,Growing
296,Prime Systems,Small,Education,Emerging
297,NextGen Analytics,Small,Healthcare,Growing
298,Global Solutions,Startup,Tech,Emerging
299,NextGen Systems,Large,Finance,Mature
300,Prime Technologies,Medium,Government,Growing
301,Prime Analytics,Small,Manufacturing,Emerging
302,Prime Solutions,Startup,Energy,Emerging
303,Prime Analytics,Small,Healthcare,Growing
304,Prime Technologies,Large,Energy,Growing
305,Future Technologies,Large,Retail,Emerging
306,Prime Analytics,Startup,Agriculture,Emerging
307,Prime Technologies,Medium,Retail,Growing
308,Future Technologies,Enterprise,Finance,Emerging
309,NextGen Solutions,Large,Finance,Emerging
310,Prime Analytics,Small,Finance,Mature
311,Future Systems,Enterprise,Healthcare,Growing
312,NextGen Technologies,Medium,Manufacturing,Growing
313,Prime Analytics,Medium,Government,Growing
314,Future Analytics,Medium,Tech,Emerging
315,NextGen Systems,Startup,Finance,Emerging
316,Prime Analytics,Large,Manufacturing,Growing
317,Future Analytics,Medium,Tech,Growing
318,Future Solutions,Large,Tech,Emerging
319,Future Solutions,Startup,Energy,Emerging
320,Prime Analytics,Enterprise,Tech,Emerging
321,Prime Systems,Small,Energy,Growing
322,Global Analytics,Startup,Education,Growing
323,Global Technologies,Medium,Tech,Growing
324,Prime Analytics,Startup,Government,Emerging
325,NextGen Technologies,Enterprise,Government,Emerging
326,Prime Solutions,Enterprise,Energy,Growing
327,Prime Solutions,Small,Education,Growing
328,Future Analytics,Small,Tech,Growing
329,Global Solutions,Startup,Education,Growing
330,Prime Solutions,Enterprise,Government,Growing
331,Future Systems,Large,Energy,Growing
332,Future Systems,Medium,Retail,Emerging
333,Global Solutions,Large,Education,Growing
334,Future Solutions,Medium,Government,Emerging
335,Global Technologies,Startup,Energy,Emerging
336,Prime Analytics,Medium,Education,Emerging
337,Prime Solutions,Large,Manufacturing,Emerging
338,Future Analytics,Large,Government,Growing
339,Future Analytics,Small,Manufacturing,Emerging
340,NextGen Technologies,Startup,Education,Growing
341,Future Solutions,Small,Finance,Mature
342,Future Analytics,Large,Retail,Emerging
343,Global Technologies,Enterprise,Tech,Growing
344,Future Technologies,Medium,Healthcare,Growing
345,Future Analytics,Large,Manufacturing,Growing
346,Prime Solutions,Small,Healthcare,Growing
347,Global Technologies,Medium,Healthcare,Growing
348,Prime Systems,Medium,Healthcare,Growing
349,NextGen Technologies,Small,Government,Emerging
350,NextGen Systems,Enterprise,Tech,Growing
351,Prime Technologies,Large,Retail,Growing
352,Future Analytics,Startup,Education,Growing
353,Future Analytics,Enterprise,Healthcare,Emerging
354,Prime Systems,Startup,Energy,Emerging
355,Future Technologies,Small,Education,Growing
356,Future Technologies,Enterprise,Agriculture,Emerging
357,Future Technologies,Enterprise,Manufacturing,Emerging
358,Prime Systems,Large,Retail,Growing
359,Prime Analytics,Small,Manufacturing,Growing
360,Prime Systems,Large,Healthcare,Growing
361,Prime Analytics,Enterprise,Tech,Growing
362,Global Technologies,Enterprise,Agriculture,Growing
363,NextGen Analytics,Startup,Healthcare,Emerging
364,NextGen Technologies,Medium,Agriculture,Growing
365,Prime Technologies,Medium,Agriculture,Emerging
366,Prime Systems,Large,Retail,Emerging
367,Prime Systems,Small,Energy,Emerging
368,Future Analytics,Medium,Finance,Growing
369,Global Analytics,Enterprise,Energy,Emerging
370,Prime Systems,Medium,Retail,Growing
371,NextGen Solutions,Small,Healthcare,Emerging
372,Prime Technologies,Medium,Tech,Growing
373,Prime Systems,Enterprise,Finance,Mature
374,NextGen Systems,Large,Energy,Growing
375,Future Solutions,Medium,Retail,Growing
376,NextGen Technologies,Large,Education,Emerging
377,NextGen Solutions,Startup,Energy,Emerging
378,Global Technologies,Small,Agriculture,Emerging
379,Future Technologies,Enterprise,Energy,Emerging
380,NextGen Analytics,Small,Energy,Emerging
381,Global Technologies,Enterprise,Energy,Emerging
382,Global Technologies,Medium,Finance,Growing
383,Future Solutions,Startup,Tech,Emerging
384,Future Technologies,Medium,Finance,Growing
385,NextGen Analytics,Large,Government,Growing
386,NextGen Technologies,Startup,Healthcare,Growing
387,Global Analytics,Large,Finance,Emerging
388,Global Technologies,Startup,Retail,Growing
389,Global Solutions,Medium,Retail,Emerging
390,Global Technologies,Small,Education,Growing
391,Future Analytics,Enterprise,Manufacturing,Emerging
392,Prime Solutions,Startup,Government,Growing
393,Future Technologies,Medium,Finance,Emerging
394,Future Systems,Enterprise,Retail,Growing
395,Prime Technologies,Small,Government,Emerging
396,Future Solutions,Medium,Manufacturing,Emerging
397,Global Analytics,Large,Manufacturing,Growing
398,NextGen Analytics,Startup,Energy,Emerging
399,Future Technologies,Startup,Education,Growing
400,Prime Solutions,Large,Finance,Emerging
401,Global Systems,Medium,Energy,Growing
402,NextGen Systems,Enterprise,Agriculture,Emerging
403,Future Analytics,Enterprise,Energy,Growing
404,Future Analytics,Large,Energy,Emerging
405,Prime Analytics,Medium,Agriculture,Emerging
406,Global Analytics,Small,Government,Emerging
407,Future Analytics,Medium,Manufacturing,Growing
408,Global Systems,Large,Retail,Emerging
409,Prime Systems,Enterprise,Healthcare,Emerging
410,NextGen Systems,Enterprise,Education,Growing
411,NextGen Solutions,Enterprise,Manufacturing,Emerging
412,NextGen Solutions,Medium,Agriculture,Growing
413,Prime Systems,Small,Manufacturing,Emerging
414,Future Systems,Enterprise,Healthcare,Emerging
415,Prime Solutions,Medium,Finance,Emerging
416,Global Technologies,Startup,Agriculture,Growing
417,Global Systems,Large,Manufacturing,Emerging
418,Future Technologies,Enterprise,Agriculture,Growing
419,Prime Technologies,Enterprise,Retail,Growing
420,Prime Solutions,Startup,Finance,Emerging
421,Global Technologies,Medium,Manufacturing,Emerging
422,Prime Technologies,Startup,Tech,Mature
423,Prime Systems,Startup,Manufacturing,Growing
424,Future Technologies,Large,Government,Emerging
425,NextGen Analytics,Large,Government,Emerging
426,Future Analytics,Medium,Healthcare,Emerging
427,Global Systems,Enterprise,Finance,Growing
428,Global Analytics,Enterprise,Finance,Mature
429,Future Technologies,Medium,Education,Growing
430,NextGen Solutions,Medium,Tech,Emerging
431,Future Technologies,Enterprise,Tech,Growing
432,Global Technologies,Large,Energy,Emerging
433,Global Analytics,Medium,Finance,Emerging
434,NextGen Systems,Small,Government,Emerging
435,NextGen Solutions,Medium,Tech,Growing
436,Global Solutions,Small,Manufacturing,Growing
437,Future Systems,Small,Retail,Growing
438,Future Solutions,Small,Agriculture,Emerging
439,Prime Systems,Medium,Energy,Emerging
440,Global Solutions,Medium,Finance,Growing
441,Future Systems,Enterprise,Tech,Emerging
442,Global Solutions,Large,Finance,Emerging
443,Global Systems,Startup,Retail,Emerging
444,NextGen Systems,Enterprise,Finance,Emerging
445,Global Solutions,Large,Manufacturing,Growing
446,Prime Systems,Large,Government,Emerging
447,NextGen Systems,Small,Government,Growing
448,Prime Analytics,Small,Tech,Mature
449,Global Analytics,Medium,Agriculture,Growing
450,Prime Systems,Enterprise,Education,Growing
451,Future Solutions,Startup,Government,Emerging
452,Prime Systems,Large,Government,Growing
453,Future Analytics,Small,Finance,Growing
454,Global Technologies,Medium,Tech,Mature
455,Future Technologies,Large,Healthcare,Growing
456,Global Systems,Enterprise,Government,Emerging
457,Future Technologies,Startup,Retail,Emerging
458,Global Solutions,Startup,Manufacturing,Emerging
459,Global Technologies,Small,Finance,Emerging
460,Future Systems,Small,Manufacturing,Growing
461,Prime Solutions,Medium,Retail,Growing
462,Future Solutions,Enterprise,Government,Emerging
463,NextGen Solutions,Small,Tech,Mature
464,Prime Technologies,Small,Education,Emerging
465,Prime Systems,Small,Retail,Emerging
466,Prime Technologies,Startup,Energy,Emerging
467,Future Technologies,Startup,Government,Emerging
468,Future Solutions,Large,Tech,Mature
469,Prime Analytics,Startup,Retail,Emerging
470,Global Technologies,Small,Finance,Growing
471,NextGen Analytics,Enterprise,Energy,Growing
472,Prime Technologies,Large,Education,Growing
473,Prime Technologies,Medium,Tech,Mature
474,Global Solutions,Enterprise,Education,Emerging
475,Global Solutions,Enterprise,Manufacturing,Growing
476,Prime Technologies,Small,Healthcare,Growing
477,Prime Solutions,Medium,Agriculture,Emerging
478,NextGen Technologies,Startup,Agriculture,Growing
479,NextGen Systems,Small,Tech,Growing
480,Future Analytics,Enterprise,Education,Growing
481,NextGen Technologies,Medium,Finance,Mature
482,Global Solutions,Medium,Tech,Emerging
483,Future Solutions,Enterprise,Agriculture,Growing
484,Global Systems,Enterprise,Manufacturing,Growing
485,Global Analytics,Startup,Retail,Growing
486,Future Systems,Large,Retail,Emerging
487,NextGen Technologies,Large,Agriculture,Growing
488,Global Technologies,Small,Healthcare,Emerging
489,NextGen Analytics,Large,Tech,Emerging
490,Prime Solutions,Small,Healthcare,Emerging
491,Future Solutions,Medium,Government,Growing
492,Global Solutions,Large,Retail,Emerging
493,Global Solutions,Startup,Education,Emerging
494,Prime Analytics,Enterprise,Agriculture,Emerging
495,NextGen Solutions,Large,Tech,Emerging
496,Global Analytics,Enterprise,Finance,Emerging
497,Prime Systems,Small,Manufacturing,Growing
498,Prime Analytics,Small,Government,Emerging
499,Future Technologies,Medium,Retail,Growing
500,Prime Solutions,Enterprise,Agriculture,Growing
501,NextGen Analytics,Enterprise,Finance,Emerging
502,Future Systems,Large,Agriculture,Emerging
503,Global Solutions,Medium,Healthcare,Emerging
504,NextGen Analytics,Medium,Tech,Emerging
505,NextGen Analytics,Large,Agriculture,Growing
506,Future Technologies,Enterprise,Retail,Emerging
507,Global Systems,Large,Agriculture,Growing
508,NextGen Solutions,Enterprise,Education,Growing
509,Prime Systems,Enterprise,Energy,Growing
510,Future Analytics,Small,Healthcare,Growing
511,Global Analytics,Enterprise,Tech,Growing
512,Global Technologies,Small,Finance,Mature
513,Global Analytics,Small,Education,Growing
514,NextGen Solutions,Large,Government,Growing
515,NextGen Technologies,Startup,Finance,Emerging
516,Prime Solutions,Small,Agriculture,Emerging
517,Prime Solutions,Enterprise,Tech,Emerging
518,Prime Technologies,Medium,Retail,Emerging
519,Global Solutions,Medium,Manufacturing,Growing
520,Future Technologies,Medium,Tech,Mature
521,Future Systems,Small,Finance,Emerging
522,NextGen Systems,Medium,Manufacturing,Growing
523,NextGen Technologies,Enterprise,Finance,Growing
524,Prime Analytics,Large,Government,Emerging
525,Future Solutions,Small,Retail,Emerging
526,NextGen Technologies,Medium,Retail,Emerging
527,NextGen Analytics,Startup,Energy,Growing
528,Future Technologies,Small,Manufacturing,Growing
529,Global Systems,Enterprise,Retail,Growing
530,NextGen Systems,Medium,Energy,Emerging
531,Future Analytics,Startup,Government,Growing
532,Future Solutions,Enterprise,Finance,Growing
533,Future Technologies,Large,Tech,Mature
534,Prime Technologies,Large,Government,Growing
535,Future Technologies,Medium,Tech,Growing
536,Future Technologies,Large,Retail,Growing
537,Future Analytics,Enterprise,Agriculture,Emerging
538,Future Technologies,Small,Healthcare,Growing
539,Future Analytics,Startup,Healthcare,Emerging
540,Global Systems,Startup,Agriculture,Growing
541,Global Analytics,Enterprise,Manufacturing,Growing
542,Global Technologies,Large,Agriculture,Emerging
543,NextGen Technologies,Enterprise,Retail,Growing
544,NextGen Analytics,Medium,Agriculture,Growing
545,NextGen Systems,Medium,Healthcare,Growing
546,Global Solutions,Large,Agriculture,Growing
547,NextGen Analytics,Small,Education,Growing
548,Prime Technologies,Large,Agriculture,Growing
549,Prime Technologies,Startup,Tech,Growing
550,Global Solutions,Small,Education,Growing
551,Prime Analytics,Large,Healthcare,Growing
552,Future Solutions,Startup,Energy,Growing
553,Prime Solutions,Small,Finance,Growing
554,Prime Solutions,Small,Energy,Growing
555,Future Analytics,Small,Energy,Emerging
556,Prime Solutions,Medium,Tech,Emerging
557,Global Technologies,Startup,Manufacturing,Growing
558,NextGen Analytics,Startup,Tech,Growing
559,NextGen Systems,Large,Government,Growing
560,Future Solutions,Medium,Finance,Mature
561,Global Systems,Enterprise,Education,Growing
562,Prime Solutions,Small,Manufacturing,Growing
563,NextGen Systems,Large,Education,Emerging
564,Prime Systems,Enterprise,Retail,Emerging
565,Future Systems,Enterprise,Manufacturing,Emerging
566,Global Analytics,Startup,Finance,Emerging
567,Global Systems,Small,Energy,Emerging
568,NextGen Analytics,Enterprise,Finance,Mature
569,Global Technologies,Large,Retail,Growing
570,Future Solutions,Startup,Healthcare,Growing
571,Global Solutions,Enterprise,Agriculture,Emerging
572,Global Analytics,Enterprise,Tech,Mature
573,Global Technologies,Large,Finance,Growing
574,Future Technologies,Startup,Manufacturing,Emerging
575,Future Analytics,Small,Healthcare,Emerging
576,NextGen Systems,Large,Education,Growing
577,NextGen Analytics,Small,Finance,Emerging
578,Future Systems,Medium,Finance,Emerging
579,Prime Systems,Small,Government,Growing
580,NextGen Technologies,Small,Agriculture,Growing
581,NextGen Systems,Small,Tech,Emerging
582,NextGen Systems,Small,Agriculture,Emerging
583,Future Analytics,Small,Government,Growing
584,Global Technologies,Enterprise,Healthcare,Growing
585,Global Technologies,Startup,Government,Emerging
586,NextGen Analytics,Medium,Manufacturing,Emerging
587,Prime Technologies,Enterprise,Healthcare,Growing
588,NextGen Solutions,Medium,Healthcare,Growing
589,Future Solutions,Medium,Manufacturing,Growing
590,Global Analytics,Small,Education,Emerging
591,NextGen Systems,Small,Education,Emerging
592,Global Solutions,Enterprise,Agriculture,Growing
593,NextGen Analytics,Medium,Manufacturing,Growing
594,Global Analytics,Startup,Education,Emerging
595,NextGen Solutions,Enterprise,Agriculture,Growing
596,Global Technologies,Medium,Retail,Emerging
597,Global Solutions,Enterprise,Healthcare,Growing
598,Global Analytics,Enterprise,Energy,Growing
599,NextGen Analytics,Enterprise,Education,Growing
600,NextGen Technologies,Medium,Energy,Growing
601,Prime Analytics,Medium,Education,Growing
602,NextGen Solutions,Small,Tech,Emerging
603,Future Solutions,Medium,Tech,Emerging
604,Prime Analytics,Large,Government,Growing
605,Future Solutions,Enterprise,Government,Growing
606,Global Analytics,Enterprise,Healthcare,Growing
607,Global Systems,Medium,Government,Growing
608,NextGen Solutions,Medium,Manufacturing,Emerging
609,NextGen Systems,Startup,Healthcare,Emerging
610,Prime Technologies,Enterprise,Tech,Mature
611,Prime Solutions,Startup,Finance,Growing
612,Global Analytics,Medium,Government,Growing
613,NextGen Systems,Large,Finance,Emerging
614,NextGen Solutions,Small,Manufacturing,Emerging
615,Prime Solutions,Startup,Tech,Emerging
616,Future Systems,Medium,Tech,Emerging
617,NextGen Systems,Medium,Finance,Emerging
618,Prime Technologies,Enterprise,Finance,Emerging
619,Future Technologies,Large,Healthcare,Emerging
620,Future Systems,Medium,Retail,Growing
621,Future Analytics,Enterprise,Manufacturing,Growing
622,Prime Systems,Large,Tech,Emerging
623,NextGen Solutions,Startup,Retail,Emerging
624,NextGen Analytics,Large,Manufacturing,Growing
625,Global Solutions,Startup,Finance,Emerging
626,Future Systems,Enterprise,Government,Growing
627,Future Systems,Enterprise,Tech,Mature
628,NextGen Technologies,Startup,Tech,Emerging
629,Prime Systems,Enterprise,Healthcare,Growing
630,NextGen Solutions,Large,Tech,Mature
631,Future Systems,Enterprise,Energy,Growing
632,Prime Analytics,Enterprise,Manufacturing,Growing
633,Prime Systems,Medium,Education,Emerging
634,Global Systems,Startup,Retail,Growing
635,Global Systems,Large,Government,Emerging
636,Future Technologies,Startup,Finance,Emerging
637,Prime Analytics,Enterprise,Agriculture,Growing
638,NextGen Systems,Large,Healthcare,Emerging
639,Prime Technologies,Small,Education,Growing
640,Future Technologies,Startup,Tech,Growing
641,NextGen Technologies,Large,Agriculture,Emerging
642,Prime Analytics,Large,Agriculture,Emerging
643,Prime Solutions,Medium,Agriculture,Growing
644,Future Analytics,Startup,Education,Emerging
645,Future Systems,Large,Tech,Emerging
646,Prime Technologies,Small,Agriculture,Growing
647,Global Systems,Medium,Finance,Mature
648,Prime Solutions,Startup,Healthcare,Growing
649,NextGen Systems,Medium,Agriculture,Emerging
650,Global Systems,Large,Healthcare,Emerging
651,NextGen Technologies,Startup,Finance,Mature
652,Future Systems,Medium,Education,Growing
653,Prime Analytics,Small,Retail,Growing
654,Global Technologies,Medium,Agriculture,Emerging
655,Future Analytics,Startup,Retail,Growing
656,Global Technologies,Large,Healthcare,Emerging
657,Prime Systems,Medium,Education,Growing
658,Future Systems,Small,Tech,Growing
659,Global Solutions,Small,Healthcare,Emerging
660,NextGen Systems,Enterprise,Retail,Growing
661,Global Systems,Enterprise,Healthcare,Growing
662,Global Solutions,Small,Agriculture,Growing
663,NextGen Technologies,Startup,Healthcare,Emerging
664,Future Technologies,Medium,Energy,Emerging
665,Global Technologies,Large,Finance,Emerging
666,NextGen Technologies,Startup,Retail,Growing
667,Future Analytics,Small,Education,Growing
668,Future Technologies,Large,Government,Growing
669,Future Systems,Small,Manufacturing,Emerging
670,Global Systems,Large,Tech,Emerging
671,Prime Solutions,Large,Agriculture,Growing
672,NextGen Technologies,Medium,Tech,Emerging
673,Global Technologies,Large,Education,Emerging
674,NextGen Technologies,Small,Retail,Growing
675,Prime Systems,Large,Education,Emerging
676,NextGen Systems,Startup,Government,Emerging
677,Prime Technologies,Large,Tech,Mature
678,Global Analytics,Startup,Finance,Growing
679,NextGen Systems,Small,Manufacturing,Emerging
680,NextGen Technologies,Startup,Energy,Growing
681,Future Technologies,Small,Retail,Growing
682,Future Solutions,Startup,Retail,Growing
683,NextGen Solutions,Startup,Manufacturing,Growing
684,Future Systems,Large,Manufacturing,Growing
685,Prime Systems,Medium,Tech,Emerging
686,NextGen Technologies,Small,Agriculture,Emerging
687,Future Solutions,Large,Energy,Emerging
688,NextGen Systems,Medium,Agriculture,Growing
689,Prime Solutions,Medium,Tech,Growing
690,NextGen Solutions,Startup,Healthcare,Emerging
691,Global Analytics,Medium,Healthcare,Growing
692,Global Technologies,Enterprise,Manufacturing,Emerging
693,Future Technologies,Large,Energy,Emerging
694,Global Solutions,Startup,Agriculture,Growing
695,Prime Analytics,Large,Education,Growing
696,NextGen Technologies,Small,Finance,Emerging
697,Global Systems,Enterprise,Retail,Emerging
698,Global Solutions,Startup,Healthcare,Growing
699,Global Technologies,Enterprise,Government,Emerging
700,Prime Technologies,Startup,Healthcare,Emerging
701,Global Systems,Small,Agriculture,Growing
702,Prime Technologies,Large,Education,Emerging
703,NextGen Solutions,Small,Agriculture,Emerging
704,Prime Analytics,Small,Agriculture,Growing
705,Prime Systems,Enterprise,Manufacturing,Emerging
706,Future Solutions,Large,Finance,Growing
707,Prime Analytics,Small,Retail,Emerging
708,Prime Solutions,Startup,Education,Emerging
709,Global Technologies,Medium,Energy,Growing
710,Future Systems,Medium,Finance,Growing
711,Global Technologies,Large,Education,Growing
712,Global Solutions,Large,Healthcare,Growing
713,Prime Systems,Startup,Retail,Growing
714,NextGen Systems,Enterprise,Government,Growing
715,Prime Technologies,Small,Tech,Growing
716,NextGen Analytics,Large,Finance,Emerging
717,NextGen Solutions,Enterprise,Healthcare,Growing
718,Future Solutions,Small,Government,Emerging
719,NextGen Solutions,Startup,Tech,Emerging
720,Prime Solutions,Enterprise,Tech,Mature
721,NextGen Solutions,Enterprise,Finance,Mature
722,Future Solutions,Enterprise,Education,Emerging
723,Future Analytics,Enterprise,Retail,Emerging
724,NextGen Systems,Medium,Government,Growing
725,Future Analytics,Startup,Healthcare,Growing
726,NextGen Technologies,Large,Finance,Growing
727,Future Solutions,Small,Finance,Emerging
728,Future Solutions,Medium,Education,Growing
729,Future Solutions,Medium,Agriculture,Emerging
730,NextGen Technologies,Large,Energy,Growing
731,Prime Technologies,Medium,Energy,Growing
732,Prime Analytics,Large,Retail,Growing
733,NextGen Technologies,Large,Tech,Emerging
734,Future Solutions,Startup,Healthcare,Emerging
735,Future Technologies,Enterprise,Education,Growing
736,Prime Systems,Small,Tech,Emerging
737,Future Systems,Medium,Agriculture,Emerging
738,NextGen Solutions,Startup,Government,Growing
739,Prime Solutions,Large,Education,Emerging
740,NextGen Analytics,Large,Agriculture,Emerging
741,NextGen Technologies,Startup,Manufacturing,Growing
742,NextGen Analytics,Medium,Energy,Growing
743,NextGen Systems,Startup,Energy,Emerging
744,Future Technologies,Startup,Energy,Emerging
745,NextGen Analytics,Small,Tech,Emerging
746,Global Solutions,Startup,Healthcare,Emerging
747,Future Solutions,Small,Education,Growing
748,NextGen Systems,Medium,Government,Emerging
749,Prime Analytics,Medium,Tech,Growing
750,Global Technologies,Enterprise,Agriculture,Emerging
751,Future Analytics,Large,Agriculture,Emerging
752,NextGen Solutions,Large,Healthcare,Growing
753,Global Systems,Enterprise,Finance,Emerging
754,Global Analytics,Large,Government,Emerging
755,Global Technologies,Startup,Tech,Mature
756,Global Technologies,Medium,Manufacturing,Growing
757,Future Technologies,Enterprise,Education,Emerging
758,Prime Systems,Enterprise,Tech,Emerging
759,Global Solutions,Large,Retail,Growing
760,Prime Systems,Startup,Finance,Emerging
761,Prime Technologies,Enterprise,Education,Growing
762,Global Analytics,Small,Healthcare,Growing
763,NextGen Solutions,Enterprise,Energy,Emerging
764,NextGen Systems,Large,Energy,Emerging
765,Prime Solutions,Small,Tech,Growing
766,Global Systems,Enterprise,Finance,Mature
767,Prime Analytics,Enterprise,Healthcare,Growing
768,NextGen Solutions,Enterprise,Retail,Emerging
769,Future Solutions,Medium,Finance,Growing
770,Future Analytics,Small,Retail,Growing
771,Prime Analytics,Startup,Education,Growing
772,Future Systems,Large,Manufacturing,Emerging
773,NextGen Solutions,Small,Government,Emerging
774,Global Technologies,Enterprise,Finance,Growing
775,NextGen Technologies,Enterprise,Agriculture,Growing
776,Prime Systems,Large,Energy,Growing
777,NextGen Systems,Startup,Agriculture,Emerging
778,Prime Systems,Large,Tech,Growing
779,Prime Analytics,Startup,Energy,Growing
780,Future Analytics,Medium,Agriculture,Emerging
781,Prime Technologies,Medium,Manufacturing,Growing
782,NextGen Solutions,Startup,Healthcare,Growing
783,Global Solutions,Startup,Government,Growing
784,Prime Solutions,Startup,Energy,Growing
785,NextGen Technologies,Enterprise,Manufacturing,Emerging
786,Prime Analytics,Enterprise,Retail,Emerging
787,Future Solutions,Large,Healthcare,Emerging
788,Future Solutions,Startup,Tech,Growing
789,NextGen Solutions,Enterprise,Government,Growing
790,Future Systems,Enterprise,Manufacturing,Growing
791,Prime Solutions,Enterprise,Finance,Growing
792,NextGen Solutions,Startup,Education,Emerging
793,Global Technologies,Large,Healthcare,Growing
794,Future Systems,Enterprise,Education,Emerging
795,Global Analytics,Startup,Government,Emerging
796,Prime Analytics,Large,Agriculture,Growing
797,Global Systems,Medium,Manufacturing,Emerging
798,Future Solutions,Large,Government,Emerging
799,NextGen Technologies,Enterprise,Healthcare,Emerging
800,Future Solutions,Large,Energy,Growing
801,NextGen Solutions,Startup,Agriculture,Emerging
802,Global Technologies,Enterprise,Finance,Mature
803,NextGen Analytics,Large,Retail,Growing
804,Future Technologies,Startup,Finance,Growing
805,Future Technologies,Large,Agriculture,Emerging
806,NextGen Technologies,Startup,Tech,Mature
807,Global Systems,Medium,Tech,Emerging
808,Prime Systems,Small,Government,Emerging
809,NextGen Analytics,Enterprise,Manufacturing,Emerging
810,Global Systems,Startup,Energy,Emerging
811,Future Systems,Enterprise,Energy,Emerging
812,Prime Technologies,Medium,Energy,Emerging
813,Future Solutions,Startup,Manufacturing,Growing
814,Future Solutions,Enterprise,Energy,Growing
815,Prime Technologies,Enterprise,Agriculture,Emerging
816,Global Systems,Medium,Agriculture,Emerging
817,Global Technologies,Startup,Education,Emerging
818,NextGen Systems,Enterprise,Education,Emerging
819,Prime Analytics,Startup,Tech,Mature
820,NextGen Technologies,Small,Tech,Emerging
821,Prime Analytics,Large,Healthcare,Emerging
822,NextGen Solutions,Enterprise,Energy,Growing
823,Prime Technologies,Enterprise,Finance,Growing
824,Global Systems,Large,Education,Growing
825,Global Technologies,Startup,Energy,Growing
826,NextGen Solutions,Startup,Tech,Growing
827,Prime Analytics,Large,Tech,Emerging
828,NextGen Solutions,Startup,Education,Growing
829,Future Analytics,Startup,Energy,Emerging
830,Prime Systems,Startup,Government,Emerging
831,NextGen Systems,Medium,Tech,Growing
832,Prime Solutions,Enterprise,Finance,Emerging
833,Future Systems,Large,Healthcare,Growing
834,NextGen Systems,Enterprise,Healthcare,Growing
835,NextGen Analytics,Large,Tech,Mature
836,Prime Solutions,Small,Tech,Emerging
837,Global Solutions,Large,Energy,Growing
838,NextGen Solutions,Enterprise,Tech,Mature
839,NextGen Analytics,Startup,Retail,Growing
840,Future Solutions,Startup,Manufacturing,Emerging
841,Prime Analytics,Large,Education,Emerging
842,NextGen Analytics,Large,Education,Emerging
843,Prime Systems,Large,Agriculture,Growing
844,Global Analytics,Large,Agriculture,Emerging
845,Prime Solutions,Enterprise,Manufacturing,Growing
846,Future Solutions,Large,Retail,Emerging
847,Future Systems,Large,Finance,Emerging
848,Global Technologies,Small,Agriculture,Growing
849,Future Systems,Small,Government,Emerging
850,Global Solutions,Small,Energy,Emerging
851,Prime Analytics,Large,Retail,Emerging
852,Prime Analytics,Large,Energy,Growing
853,NextGen Analytics,Large,Education,Growing
854,NextGen Technologies,Medium,Finance,Growing
855,NextGen Solutions,Enterprise,Retail,Growing
856,Global Systems,Medium,Finance,Emerging
857,NextGen Analytics,Enterprise,Tech,Emerging
858,Global Solutions,Small,Government,Growing
859,Prime Analytics,Large,Finance,Emerging
860,NextGen Systems,Small,Agriculture,Growing
861,Global Systems,Medium,Retail,Growing
862,Prime Solutions,Large,Healthcare,Growing
863,Global Systems,Large,Tech,Growing
864,Prime Analytics,Enterprise,Education,Growing
865,Global Analytics,Enterprise,Manufacturing,Emerging
866,Future Systems,Startup,Finance,Growing
867,Prime Analytics,Startup,Finance,Emerging
868,Prime Technologies,Small,Energy,Growing
869,Future Systems,Startup,Education,Growing
870,NextGen Systems,Medium,Retail,Growing
871,NextGen Systems,Medium,Education,Growing
872,NextGen Solutions,Large,Finance,Mature
873,NextGen Solutions,Medium,Government,Growing
874,Prime Analytics,Large,Tech,Mature
875,Prime Technologies,Enterprise,Government,Growing
876,Prime Systems,Startup,Education,Emerging
877,Global Systems,Startup,Finance,Emerging
878,NextGen Technologies,Enterprise,Manufacturing,Growing
879,Prime Solutions,Small,Energy,Emerging
880,NextGen Systems,Small,Energy,Growing
881,Global Solutions,Small,Government,Emerging
882,Future Analytics,Medium,Agriculture,Growing
883,Global Systems,Small,Government,Growing
884,Prime Systems,Enterprise,Finance,Growing
885,Prime Analytics,Medium,Tech,Emerging
886,Prime Systems,Medium,Finance,Emerging
887,Global Solutions,Enterprise,Energy,Emerging
888,Future Analytics,Small,Government,Emerging
889,Prime Systems,Enterprise,Tech,Growing
890,NextGen Systems,Startup,Tech,Emerging
891,Future Systems,Startup,Manufacturing,Emerging
892,Global Solutions,Enterprise,Manufacturing,Emerging
893,Global Solutions,Startup,Finance,Growing
894,Prime Analytics,Medium,Manufacturing,Emerging
895,Global Analytics,Small,Government,Growing
896,NextGen Technologies,Large,Government,Emerging
897,Prime Analytics,Enterprise,Manufacturing,Emerging
898,Global Analytics,Medium,Education,Emerging
899,Prime Technologies,Small,Tech,Mature
900,Future Analytics,Startup,Tech,Emerging
901,Prime Solutions,Medium,Manufacturing,Emerging
902,NextGen Technologies,Large,Energy,Emerging
903,Global Technologies,Small,Energy,Growing
904,NextGen Systems,Medium,Healthcare,Emerging
905,Future Systems,Small,Healthcare,Growing
906,Prime Solutions,Medium,Education,Emerging
907,Future Systems,Large,Finance,Growing
908,Future Systems,Large,Energy,Emerging
909,Prime Analytics,Medium,Healthcare,Emerging
910,NextGen Technologies,Startup,Government,Emerging
911,Global Solutions,Large,Healthcare,Emerging
912,NextGen Systems,Medium,Finance,Mature
913,Global Technologies,Large,Manufacturing,Growing
914,Global Analytics,Medium,Tech,Mature
915,Prime Solutions,Enterprise,Healthcare,Growing
916,Prime Analytics,Small,Finance,Growing
917,Global Analytics,Enterprise,Government,Emerging
918,Prime Systems,Enterprise,Government,Emerging
919,NextGen Systems,Startup,Manufacturing,Growing
920,Prime Analytics,Small,Tech,Emerging
921,Future Analytics,Medium,Energy,Growing
922,Prime Analytics,Enterprise,Healthcare,Emerging
923,Future Analytics,Startup,Agriculture,Growing
924,Future Technologies,Enterprise,Energy,Growing
925,Prime Technologies,Small,Retail,Growing
926,Prime Technologies,Medium,Healthcare,Emerging
927,Prime Solutions,Medium,Healthcare,Growing
928,Global Analytics,Large,Education,Emerging
929,Prime Analytics,Large,Energy,Emerging
930,NextGen Technologies,Enterprise,Tech,Emerging
931,Future Technologies,Large,Education,Emerging
932,NextGen Analytics,Small,Tech,Mature
933,NextGen Systems,Startup,Tech,Mature
934,Global Systems,Startup,Manufacturing,Emerging
935,Global Analytics,Small,Retail,Growing
936,Global Technologies,Small,Government,Emerging
937,Future Systems,Enterprise,Finance,Emerging
938,Future Solutions,Large,Agriculture,Growing
939,NextGen Technologies,Large,Healthcare,Emerging
940,NextGen Solutions,Enterprise,Finance,Emerging
941,Prime Solutions,Medium,Energy,Emerging
942,NextGen Solutions,Small,Energy,Growing
943,Global Technologies,Startup,Education,Growing
944,Prime Systems,Small,Healthcare,Emerging
945,NextGen Analytics,Small,Government,Emerging
946,Global Solutions,Medium,Energy,Emerging
947,NextGen Systems,Large,Agriculture,Growing
948,Global Solutions,Small,Tech,Emerging
949,Future Technologies,Small,Tech,Growing
950,Future Solutions,Small,Manufacturing,Growing
951,Prime Solutions,Medium,Manufacturing,Growing
952,Prime Systems,Medium,Manufacturing,Growing
953,Prime Solutions,Small,Tech,Mature
954,NextGen Analytics,Startup,Government,Emerging
955,NextGen Systems,Medium,Energy,Growing
956,Global Solutions,Medium,Education,Growing
957,Global Systems,Enterprise,Education,Emerging
958,Global Systems,Large,Education,Emerging
959,Prime Solutions,Large,Finance,Growing
960,Prime Solutions,Small,Retail,Emerging
961,Prime Systems,Large,Manufacturing,Emerging
962,Future Analytics,Medium,Energy,Emerging
963,Global Technologies,Medium,Finance,Emerging
964,NextGen Solutions,Large,Agriculture,Growing
965,NextGen Analytics,Medium,Education,Growing
966,Future Solutions,Small,Finance,Growing
967,NextGen Analytics,Large,Retail,Emerging
968,Prime Systems,Medium,Energy,Growing
969,Prime Analytics,Startup,Healthcare,Growing
970,Prime Technologies,Startup,Government,Emerging
971,Prime Analytics,Enterprise,Government,Emerging
972,Future Systems,Small,Retail,Emerging
973,NextGen Solutions,Medium,Agriculture,Emerging
974,Global Analytics,Small,Energy,Growing
975,Future Technologies,Enterprise,Retail,Growing
976,Global Systems,Startup,Education,Emerging
977,NextGen Technologies,Medium,Tech,Mature
978,Future Systems,Enterprise,Retail,Emerging
979,Future Solutions,Enterprise,Agriculture,Emerging
980,NextGen Analytics,Small,Energy,Growing
981,Global Solutions,Large,Tech,Mature
982,Prime Technologies,Large,Tech,Emerging
983,Prime Solutions,Medium,Retail,Emerging
984,Future Analytics,Medium,Education,Growing
985,NextGen Technologies,Large,Retail,Emerging
986,Prime Technologies,Startup,Manufacturing,Emerging
987,Prime Technologies,Large,Finance,Growing
988,Global Analytics,Small,Retail,Emerging
989,NextGen Solutions,Enterprise,Manufacturing,Growing
990,Prime Systems,Enterprise,Energy,Emerging
991,Prime Systems,Medium,Manufacturing,Emerging
992,Prime Analytics,Medium,Manufacturing,Growing
993,NextGen Solutions,Large,Government,Emerging
994,Prime Systems,Small,Education,Growing
995,Future Systems,Medium,Tech,Growing
996,NextGen Analytics,Startup,Education,Growing
997,Future Technologies,Startup,Agriculture,Growing
998,NextGen Analytics,Medium,Tech,Growing
999,Global Analytics,Startup,Government,Growing
1000,NextGen Analytics,Small,Agriculture,Emerging
1001,NextGen Technologies,Medium,Retail,Growing
1002,NextGen Technologies,Medium,Government,Growing
1003,Prime Analytics,Startup,Energy,Emerging
1004,Global Technologies,Small,Tech,Growing
1005,NextGen Solutions,Small,Finance,Mature
1006,Prime Systems,Large,Finance,Growing
1007,NextGen Technologies,Medium,Energy,Emerging
1008,Future Systems,Large,Tech,Mature
1009,Global Solutions,Small,Energy,Growing
1010,Prime Technologies,Medium,Agriculture,Growing
1011,Global Solutions,Medium,Finance,Emerging
1012,Future Systems,Medium,Government,Emerging
1013,NextGen Systems,Startup,Tech,Growing
1014,Global Solutions,Large,Tech,Growing
1015,Prime Analytics,Small,Agriculture,Emerging
1016,Global Solutions,Small,Finance,Emerging
1017,Prime Solutions,Large,Healthcare,Emerging
1018,Future Analytics,Medium,Education,Emerging
1019,Prime Solutions,Large,Retail,Growing
1020,Prime Systems,Small,Healthcare,Growing
1021,Global Systems,Large,Agriculture,Emerging
1022,Future Systems,Startup,Energy,Growing
1023,Prime Technologies,Small,Agriculture,Emerging
1024,Prime Technologies,Startup,Finance,Emerging
1025,Future Technologies,Small,Government,Growing
1026,Future Analytics,Startup,Retail,Emerging
1027,Global Solutions,Large,Finance,Growing
1028,Prime Technologies,Enterprise,Tech,Emerging
1029,Future Solutions,Small,Energy,Growing
1030,NextGen Solutions,Enterprise,Finance,Growing
1031,Prime Systems,Startup,Healthcare,Emerging
1032,NextGen Analytics,Startup,Education,Emerging
1033,NextGen Solutions,Startup,Agriculture,Growing
1034,Future Technologies,Startup,Energy,Growing
1035,Future Technologies,Startup,Manufacturing,Growing
1036,NextGen Solutions,Large,Education,Growing
1037,Future Technologies,Small,Energy,Growing
1038,Global Analytics,Medium,Finance,Growing
1039,NextGen Technologies,Small,Energy,Emerging
1040,Prime Technologies,Large,Manufacturing,Growing
1041,Prime Technologies,Small,Tech,Emerging
1042,Prime Technologies,Startup,Agriculture,Growing
1043,NextGen Technologies,Small,Tech,Mature
1044,Global Technologies,Startup,Manufacturing,Emerging
1045,Future Solutions,Small,Tech,Growing
1046,NextGen Analytics,Startup,Tech,Emerging
1047,Future Solutions,Enterprise,Manufacturing,Growing
1048,NextGen Technologies,Enterprise,Healthcare,Growing
1049,NextGen Systems,Medium,Education,Emerging
1050,Prime Analytics,Enterprise,Finance,Mature
1051,NextGen Technologies,Startup,Education,Emerging
1052,Global Systems,Medium,Education,Growing
1053,NextGen Solutions,Medium,Finance,Mature
1054,Future Systems,Enterprise,Agriculture,Emerging
1055,Future Solutions,Startup,Education,Emerging
1056,Prime Solutions,Enterprise,Retail,Emerging
1057,Global Analytics,Small,Finance,Growing
1058,NextGen Technologies,Startup,Energy,Emerging
1059,Prime Technologies,Large,Agriculture,Emerging
1060,NextGen Analytics,Enterprise,Agriculture,Growing
1061,NextGen Systems,Medium,Retail,Emerging
1062,Global Systems,Large,Manufacturing,Growing
1063,Global Systems,Large,Energy,Emerging
1064,NextGen Solutions,Small,Agriculture,Growing
1065,NextGen Systems,Large,Healthcare,Growing
1066,Global Analytics,Small,Tech,Growing
1067,Future Analytics,Large,Retail,Growing
1068,Prime Solutions,Small,Education,Emerging
1069,Future Systems,Startup,Retail,Emerging
1070,Global Systems,Large,Retail,Growing
1071,Future Analytics,Enterprise,Retail,Growing
1072,Future Solutions,Medium,Agriculture,Growing
1073,Future Solutions,Large,Agriculture,Emerging
1074,Future Systems,Small,Agriculture,Growing
1075,NextGen Solutions,Startup,Government,Emerging
1076,Prime Systems,Medium,Tech,Growing
1077,Prime Analytics,Small,Education,Emerging
1078,NextGen Analytics,Enterprise,Manufacturing,Growing
1079,Global Technologies,Startup,Retail,Emerging
1080,NextGen Systems,Large,Tech,Mature
1081,Future Analytics,Medium,Healthcare,Growing
1082,Global Solutions,Small,Tech,Mature
1083,Global Analytics,Large,Healthcare,Growing
1084,NextGen Solutions,Medium,Finance,Emerging
1085,Global Solutions,Enterprise,Energy,Growing
1086,Global Analytics,Startup,Retail,Emerging
1087,Future Technologies,Enterprise,Finance,Mature
1088,NextGen Technologies,Large,Healthcare,Growing
1089,Global Systems,Small,Finance,Emerging
1090,Prime Technologies,Enterprise,Education,Emerging
1091,Prime Systems,Small,Retail,Growing
1092,NextGen Systems,Medium,Tech,Emerging
1093,Prime Solutions,Startup,Retail,Growing
1094,Prime Systems,Startup,Tech,Growing
1095,NextGen Solutions,Startup,Manufacturing,Emerging
1096,NextGen Technologies,Startup,Tech,Growing
1097,Future Analytics,Medium,Retail,Emerging
1098,Global Technologies,Enterprise,Tech,Mature
1099,Prime Solutions,Enterprise,Government,Emerging
1100,Prime Solutions,Startup,Tech,Mature
1101,Global Systems,Startup,Finance,Growing
1102,Prime Technologies,Startup,Government,Growing
1103,Global Technologies,Enterprise,Finance,Emerging
1104,Prime Analytics,Medium,Energy,Growing
1105,Global Technologies,Medium,Healthcare,Emerging
1106,Global Analytics,Small,Tech,Mature
1107,NextGen Solutions,Enterprise,Agriculture,Emerging
1108,NextGen Technologies,Large,Education,Growing
1109,NextGen Technologies,Medium,Agriculture,Emerging
1110,Prime Technologies,Large,Tech,Growing
1111,Future Systems,Startup,Government,Emerging
1112,NextGen Technologies,Small,Education,Emerging
1113,Future Systems,Small,Government,Growing
1114,Future Solutions,Enterprise,Tech,Mature
1115,NextGen Analytics,Large,Healthcare,Growing
1116,Prime Technologies,Medium,Tech,Emerging
1117,Future Technologies,Medium,Manufacturing,Growing
1118,NextGen Technologies,Medium,Tech,Growing
1119,NextGen Solutions,Small,Manufacturing,Growing
1120,Global Analytics,Medium,Retail,Growing
1121,NextGen Technologies,Enterprise,Tech,Mature
1122,NextGen Solutions,Small,Finance,Growing
1123,NextGen Technologies,Large,Tech,Mature
1124,Prime Systems,Enterprise,Agriculture,Emerging
1125,Future Solutions,Small,Tech,Mature
1126,Prime Analytics,Enterprise,Finance,Growing
1127,NextGen Technologies,Medium,Government,Emerging
1128,Future Analytics,Enterprise,Education,Emerging
1129,Prime Solutions,Enterprise,Healthcare,Emerging
1130,Prime Systems,Small,Agriculture,Growing
1131,NextGen Solutions,Large,Retail,Emerging
1132,Global Solutions,Large,Agriculture,Emerging
1133,Future Technologies,Enterprise,Tech,Mature
1134,Global Technologies,Enterprise,Retail,Emerging
1135,NextGen Solutions,Medium,Healthcare,Emerging
1136,Global Systems,Medium,Tech,Mature
1137,Prime Systems,Large,Finance,Emerging
1138,NextGen Analytics,Small,Retail,Growing
1139,NextGen Solutions,Startup,Tech,Mature
1140,Global Analytics,Large,Energy,Growing
1141,Prime Technologies,Small,Retail,Emerging
1142,Future Analytics,Startup,Finance,Mature
1143,NextGen Systems,Small,Retail,Growing
1144,Global Solutions,Enterprise,Government,Growing
1145,Future Technologies,Enterprise,Tech,Emerging
1146,Future Systems,Small,Finance,Growing
1147,NextGen Systems,Enterprise,Tech,Emerging
1148,Global Analytics,Startup,Healthcare,Emerging
1149,Future Solutions,Small,Agriculture,Growing
1150,Future Analytics,Startup,Energy,Growing
1151,Prime Analytics,Small,Education,Growing
1152,Future Analytics,Large,Tech,Growing
1153,Global Solutions,Small,Retail,Growing
1154,Global Solutions,Large,Finance,Mature
1155,Future Systems,Enterprise,Government,Emerging
1156,Global Systems,Medium,Tech,Growing
1157,Global Solutions,Small,Finance,Mature
1158,Prime Analytics,Enterprise,Tech,Mature
1159,NextGen Systems,Enterprise,Manufacturing,Growing
1160,Global Systems,Small,Tech,Mature
1161,Future Solutions,Medium,Tech,Growing
1162,NextGen Analytics,Small,Manufacturing,Emerging
1163,NextGen Solutions,Enterprise,Tech,Growing
1164,Prime Systems,Startup,Manufacturing,Emerging
1165,NextGen Solutions,Large,Education,Emerging
1166,Global Systems,Startup,Healthcare,Emerging
1167,Future Solutions,Startup,Tech,Mature
1168,Future Systems,Large,Tech,Growing
1169,Prime Systems,Enterprise,Manufacturing,Growing
1170,NextGen Systems,Startup,Government,Growing
1171,Global Technologies,Medium,Finance,Mature
1172,Global Analytics,Large,Manufacturing,Emerging
1173,Prime Systems,Medium,Finance,Growing
1174,Prime Analytics,Medium,Finance,Emerging
1175,NextGen Systems,Large,Tech,Emerging
1176,Global Systems,Medium,Healthcare,Emerging
1177,Future Systems,Medium,Education,Emerging
1178,NextGen Analytics,Startup,Finance,Mature
1179,Prime Solutions,Small,Finance,Emerging
1180,Future Analytics,Large,Healthcare,Emerging
1181,NextGen Solutions,Large,Finance,Growing
1182,Future Solutions,Medium,Tech,Mature
1183,Global Analytics,Enterprise,Healthcare,Emerging
1184,NextGen Analytics,Enterprise,Government,Emerging
1185,NextGen Technologies,Small,Energy,Growing
1186,Future Systems,Startup,Agriculture,Emerging
1187,Prime Technologies,Medium,Government,Emerging
1188,NextGen Systems,Small,Energy,Emerging
1189,Global Analytics,Medium,Retail,Emerging
1190,Future Solutions,Enterprise,Finance,Mature
1191,Global Analytics,Startup,Energy,Growing
1192,Prime Analytics,Startup,Healthcare,Emerging
1193,Future Solutions,Enterprise,Manufacturing,Emerging
1194,Future Systems,Small,Healthcare,Emerging
1195,Future Solutions,Medium,Healthcare,Emerging
1196,Prime Systems,Medium,Agriculture,Growing
1197,Global Analytics,Large,Government,Growing
1198,Prime Solutions,Large,Retail,Emerging
1199,Prime Systems,Medium,Government,Emerging
1200,Prime Analytics,Enterprise,Energy,Emerging
1201,Global Analytics,Large,Energy,Emerging
1202,Global Technologies,Startup,Tech,Growing
1203,Prime Analytics,Large,Finance,Growing
1204,Prime Solutions,Large,Government,Emerging
1205,Global Analytics,Medium,Energy,Emerging
1206,NextGen Solutions,Medium,Retail,Growing
1207,Global Analytics,Small,Tech,Emerging
1208,Global Solutions,Large,Government,Growing
1209,Prime Analytics,Small,Finance,Emerging
1210,Future Solutions,Startup,Agriculture,Emerging
1211,Global Systems,Medium,Healthcare,Growing
1212,NextGen Analytics,Medium,Retail,Emerging
1213,NextGen Solutions,Small,Finance,Emerging
1214,Prime Solutions,Enterprise,Manufacturing,Emerging
1215,Future Analytics,Large,Finance,Emerging
1216,Prime Solutions,Large,Tech,Mature
1217,Global Technologies,Large,Finance,Mature
1218,Future Systems,Small,Energy,Emerging
1219,Global Systems,Small,Finance,Growing
1220,Global Analytics,Startup,Manufacturing,Emerging
1221,Prime Technologies,Medium,Finance,Emerging
1222,Global Systems,Large,Finance,Emerging
1223,Prime Technologies,Enterprise,Agriculture,Growing
1224,Future Analytics,Medium,Finance,Mature
1225,NextGen Technologies,Enterprise,Education,Emerging
1226,Global Technologies,Enterprise,Energy,Growing
1227,Future Analytics,Medium,Retail,Growing
1228,Future Technologies,Small,Tech,Emerging
1229,Prime Systems,Large,Agriculture,Emerging
1230,Global Analytics,Small,Agriculture,Growing
1231,Prime Solutions,Small,Government,Emerging
1232,NextGen Systems,Enterprise,Energy,Growing
1233,Future Analytics,Large,Finance,Mature
1234,Global Solutions,Startup,Government,Emerging
1235,NextGen Analytics,Medium,Retail,Growing
1236,NextGen Analytics,Startup,Finance,Emerging
1237,Future Systems,Small,Finance,Mature
1238,Global Systems,Medium,Education,Emerging
1239,NextGen Systems,Startup,Retail,Emerging
1240,Global Analytics,Enterprise,Tech,Emerging
1241,Prime Technologies,Large,Manufacturing,Emerging
1242,Prime Technologies,Startup,Education,Emerging
1243,Global Solutions,Startup,Finance,Mature
1244,Global Solutions,Large,Government,Emerging
1245,NextGen Solutions,Large,Energy,Growing
1246,Prime Analytics,Medium,Energy,Emerging
1247,Future Analytics,Small,Manufacturing,Growing
1248,NextGen Solutions,Medium,Tech,Mature
1249,NextGen Analytics,Enterprise,Energy,Emerging
1250,Prime Technologies,Small,Government,Growing
1251,NextGen Systems,Startup,Finance,Mature
1252,NextGen Systems,Medium,Manufacturing,Emerging
1253,Prime Technologies,Enterprise,Manufacturing,Emerging
1254,NextGen Technologies,Large,Finance,Mature
1255,Future Solutions,Small,Energy,Emerging
1256,Global Solutions,Medium,Manufacturing,Emerging
1257,Prime Analytics,Small,Energy,Growing
1258,Future Technologies,Startup,Healthcare,Emerging
1259,Global Solutions,Medium,Finance,Mature
1260,Global Systems,Small,Education,Growing
1261,Future Systems,Medium,Manufacturing,Emerging
1262,Future Solutions,Medium,Retail,Emerging
1263,Global Solutions,Startup,Retail,Growing
1264,NextGen Systems,Startup,Healthcare,Growing
1265,Global Systems,Medium,Finance,Growing
1266,Future Systems,Startup,Government,Growing
1267,Global Systems,Enterprise,Agriculture,Emerging
1268,NextGen Analytics,Medium,Finance,Emerging
1269,Prime Systems,Small,Finance,Growing
1270,Prime Analytics,Small,Healthcare,Emerging
1271,Prime Analytics,Startup,Tech,Emerging
1272,Future Analytics,Large,Manufacturing,Emerging
1273,Prime Technologies,Large,Healthcare,Emerging
1274,Future Solutions,Large,Finance,Emerging
1275,Prime Systems,Enterprise,Agriculture,Growing
1276,Global Systems,Enterprise,Healthcare,Emerging
1277,Global Analytics,Startup,Agriculture,Growing
1278,Global Systems,Medium,Retail,Emerging
1279,NextGen Technologies,Small,Tech,Growing
1280,Future Solutions,Enterprise,Tech,Growing
1281,Prime Solutions,Large,Government,Growing
1282,Global Systems,Startup,Tech,Growing
1283,Prime Systems,Enterprise,Retail,Growing
1284,NextGen Systems,Large,Finance,Growing
1285,Prime Solutions,Medium,Healthcare,Emerging
1286,Global Analytics,Medium,Tech,Growing
1287,Global Analytics,Enterprise,Finance,Growing
1288,Future Analytics,Medium,Government,Growing
1289,Global Technologies,Startup,Tech,Emerging
1290,Global Analytics,Enterprise,Retail,Growing
1291,Global Solutions,Medium,Agriculture,Growing
1292,Future Technologies,Startup,Tech,Emerging
1293,Prime Systems,Small,Finance,Mature
1294,Global Solutions,Enterprise,Retail,Emerging
1295,Prime Technologies,Large,Government,Emerging
1296,Future Solutions,Medium,Finance,Emerging
1297,Global Analytics,Startup,Finance,Mature
1298,Future Technologies,Small,Retail,Emerging
1299,NextGen Systems,Small,Healthcare,Growing
1300,Prime Technologies,Enterprise,Energy,Emerging
1301,Global Solutions,Enterprise,Finance,Mature
1302,Prime Solutions,Startup,Agriculture,Growing
1303,NextGen Analytics,Startup,Agriculture,Growing
1304,NextGen Solutions,Small,Healthcare,Growing
1305,Prime Technologies,Enterprise,Energy,Growing
1306,Global Solutions,Startup,Manufacturing,Growing
1307,Prime Analytics,Startup,Manufacturing,Growing
1308,Future Analytics,Large,Education,Growing
1309,NextGen Systems,Startup,Manufacturing,Emerging
1310,Global Technologies,Large,Energy,Growing
1311,Global Technologies,Startup,Finance,Emerging
1312,NextGen Systems,Startup,Finance,Growing
1313,Future Systems,Large,Finance,Mature
1314,Prime Systems,Enterprise,Education,Emerging
1315,Prime Analytics,Startup,Agriculture,Growing
1316,Global Analytics,Medium,Agriculture,Emerging
1317,Global Solutions,Small,Tech,Growing
1318,NextGen Analytics,Enterprise,Finance,Growing
1319,NextGen Technologies,Small,Finance,Mature
1320,Future Technologies,Large,Finance,Emerging
1321,Future Systems,Startup,Tech,Mature
1322,Global Solutions,Enterprise,Tech,Emerging
1323,NextGen Solutions,Startup,Finance,Mature
1324,Global Analytics,Small,Finance,Mature
1325,Global Solutions,Enterprise,Education,Growing
1326,NextGen Solutions,Medium,Energy,Emerging
1327,Future Systems,Medium,Healthcare,Emerging
1328,Global Technologies,Startup,Finance,Growing
1329,Global Analytics,Large,Tech,Mature
1330,Future Systems,Small,Agriculture,Emerging
1331,Prime Solutions,Enterprise,Retail,Growing
1332,NextGen Analytics,Startup,Manufacturing,Growing
1333,Future Solutions,Small,Retail,Growing
1334,Global Systems,Small,Finance,Mature
1335,Prime Analytics,Enterprise,Energy,Growing
1336,Prime Systems,Large,Healthcare,Emerging
1337,Global Analytics,Small,Manufacturing,Emerging
1338,Global Systems,Small,Manufacturing,Growing
1339,Future Systems,Large,Government,Growing
1340,Future Systems,Enterprise,Education,Growing
1341,NextGen Analytics,Startup,Healthcare,Growing
1342,Global Analytics,Large,Tech,Growing
1343,Global Systems,Startup,Government,Growing
1344,Prime Systems,Medium,Retail,Emerging
1345,NextGen Technologies,Small,Manufacturing,Growing
1346,NextGen Systems,Enterprise,Energy,Emerging
1347,NextGen Systems,Small,Education,Growing
1348,NextGen Technologies,Small,Finance,Growing
1349,Global Analytics,Small,Finance,Emerging
1350,Global Systems,Small,Healthcare,Growing
1351,Global Analytics,Startup,Energy,Emerging
1352,Future Technologies,Enterprise,Government,Emerging
1353,Future Technologies,Small,Finance,Growing
1354,Global Systems,Small,Government,Emerging
1355,NextGen Analytics,Medium,Finance,Mature
1356,Future Solutions,Enterprise,Energy,Emerging
1357,Prime Technologies,Enterprise,Finance,Mature
1358,Global Technologies,Large,Agriculture,Growing
1359,NextGen Analytics,Medium,Tech,Mature
1360,Prime Technologies,Enterprise,Healthcare,Emerging
1361,Prime Systems,Small,Tech,Growing
1362,NextGen Solutions,Large,Energy,Emerging
1363,Prime Technologies,Medium,Education,Growing
1364,NextGen Analytics,Small,Manufacturing,Growing
1365,Prime Technologies,Startup,Finance,Growing
1366,NextGen Systems,Startup,Agriculture,Growing
1367,Global Technologies,Small,Manufacturing,Emerging
1368,NextGen Analytics,Large,Energy,Emerging
1369,Future Systems,Startup,Tech,Emerging
1370,Global Systems,Small,Energy,Growing
1371,Global Technologies,Large,Tech,Emerging
1372,Prime Solutions,Enterprise,Tech,Growing
1373,Global Systems,Enterprise,Government,Growing
1374,Global Technologies,Small,Retail,Growing
1375,Prime Solutions,Startup,Agriculture,Emerging
1376,Future Analytics,Enterprise,Agriculture,Growing
1377,Future Technologies,Large,Finance,Mature
1378,Global Analytics,Startup,Tech,Growing
1379,Future Technologies,Small,Education,Emerging
1380,NextGen Technologies,Medium,Healthcare,Growing
1381,NextGen Technologies,Medium,Education,Emerging
1382,Future Technologies,Medium,Government,Growing
1383,Global Systems,Startup,Education,Growing
1384,NextGen Systems,Large,Manufacturing,Emerging
1385,Global Technologies,Small,Government,Growing
1386,NextGen Systems,Medium,Tech,Mature
1387,NextGen Systems,Small,Finance,Emerging
1388,Global Systems,Startup,Finance,Mature
1389,Global Analytics,Startup,Manufacturing,Growing
1390,Prime Solutions,Large,Agriculture,Emerging
1391,NextGen Technologies,Startup,Retail,Emerging
1392,Global Technologies,Startup,Finance,Mature
1393,Global Systems,Small,Tech,Emerging
1394,Global Analytics,Medium,Tech,Emerging
1395,NextGen Technologies,Medium,Manufacturing,Emerging
1396,Prime Technologies,Medium,Finance,Growing
1397,NextGen Analytics,Medium,Finance,Growing
1398,Prime Analytics,Small,Energy,Emerging
1399,NextGen Solutions,Startup,Finance,Growing
1400,Future Technologies,Small,Agriculture,Emerging
1401,Future Systems,Startup,Healthcare,Growing
1402,Global Solutions,Medium,Agriculture,Emerging
1403,Future Solutions,Large,Finance,Mature
1404,Future Analytics,Large,Tech,Emerging
1405,Future Technologies,Medium,Retail,Emerging
1406,Prime Analytics,Startup,Manufacturing,Emerging
1407,NextGen Analytics,Startup,Retail,Emerging
1408,Future Solutions,Startup,Government,Growing
1409,Prime Analytics,Large,Finance,Mature
1410,Global Solutions,Medium,Energy,Growing
1411,Future Technologies,Startup,Tech,Mature
1412,NextGen Analytics,Large,Finance,Growing
1413,Future Solutions,Small,Education,Emerging
1414,NextGen Analytics,Enterprise,Agriculture,Emerging
1415,Future Technologies,Small,Finance,Emerging
1416,Global Systems,Large,Tech,Mature
1417,Prime Solutions,Startup,Manufacturing,Growing
1418,Future Analytics,Large,Finance,Growing
1419,Future Systems,Small,Tech,Mature
1420,Prime Technologies,Startup,Energy,Growing
1421,NextGen Analytics,Small,Retail,Emerging
1422,NextGen Technologies,Large,Retail,Growing
1423,Prime Systems,Large,Finance,Mature
1424,NextGen Technologies,Enterprise,Agriculture,Emerging
1425,Prime Technologies,Medium,Finance,Mature
1426,Future Analytics,Small,Education,Emerging
1427,NextGen Systems,Enterprise,Manufacturing,Emerging
1428,NextGen Technologies,Enterprise,Energy,Emerging
1429,Future Systems,Small,Education,Emerging
1430,Prime Solutions,Startup,Retail,Emerging
1431,Future Solutions,Enterprise,Tech,Emerging
1432,Prime Technologies,Startup,Retail,Emerging
1433,NextGen Systems,Medium,Finance,Growing
1434,Global Analytics,Medium,Manufacturing,Emerging
1435,Prime Technologies,Small,Healthcare,Emerging
1436,Global Analytics,Medium,Government,Emerging
1437,NextGen Analytics,Enterprise,Tech,Mature
1438,Prime Solutions,Large,Manufacturing,Growing
1439,Prime Systems,Large,Education,Growing
1440,NextGen Analytics,Large,Finance,Mature
1441,Future Technologies,Startup,Retail,Growing
1442,Prime Solutions,Small,Government,Growing
1443,Future Solutions,Startup,Finance,Growing
1444,NextGen Solutions,Small,Tech,Growing
1445,Future Systems,Enterprise,Finance,Mature
1446,Prime Solutions,Medium,Education,Growing
1447,NextGen Systems,Startup,Education,Emerging
1448,Future Technologies,Medium,Energy,Growing
1449,Prime Systems,Startup,Finance,Growing
1450,Future Technologies,Medium,Education,Emerging
1451,Prime Analytics,Medium,Healthcare,Growing
1452,Global Analytics,Startup,Tech,Mature
1453,Prime Analytics,Medium,Finance,Growing
1454,Future Solutions,Startup,Finance,Emerging
1455,Global Technologies,Large,Retail,Emerging
1456,Prime Technologies,Medium,Manufacturing,Emerging
1457,NextGen Solutions,Enterprise,Tech,Emerging
1458,Global Systems,Large,Healthcare,Growing
1459,Prime Technologies,Enterprise,Manufacturing,Growing
1460,NextGen Analytics,Medium,Healthcare,Emerging
1461,Future Solutions,Enterprise,Education,Growing
1462,NextGen Analytics,Small,Healthcare,Emerging
1463,Prime Analytics,Small,Tech,Growing
1464,NextGen Technologies,Medium,Healthcare,Emerging
1465,Global Systems,Small,Manufacturing,Emerging
1466,NextGen Solutions,Medium,Government,Emerging
1467,Prime Analytics,Large,Tech,Growing
1468,NextGen Analytics,Medium,Agriculture,Emerging
1469,Future Technologies,Large,Tech,Emerging
1470,Global Technologies,Medium,Tech,Emerging
1471,Global Systems,Enterprise,Agriculture,Growing
1472,NextGen Solutions,Medium,Education,Emerging
1473,Prime Systems,Medium,Government,Growing
1474,Future Systems,Startup,Education,Emerging
1475,Future Technologies,Startup,Agriculture,Emerging
1476,Future Analytics,Small,Tech,Emerging
1477,Prime Technologies,Medium,Healthcare,Growing
1478,Global Analytics,Large,Healthcare,Emerging
1479,Prime Systems,Enterprise,Finance,Emerging
1480,Future Technologies,Startup,Finance,Mature
1481,Global Technologies,Large,Tech,Growing
1482,Global Solutions,Medium,Government,Growing
1483,NextGen Analytics,Enterprise,Healthcare,Emerging
1484,Global Solutions,Enterprise,Government,Emerging
1485,NextGen Analytics,Medium,Energy,Emerging
1486,Prime Analytics,Enterprise,Education,Emerging
1487,Prime Analytics,Enterprise,Retail,Growing
1488,NextGen Solutions,Medium,Finance,Growing
1489,Global Solutions,Startup,Energy,Emerging
1490,Global Systems,Small,Retail,Growing
1491,NextGen Analytics,Enterprise,Tech,Growing
1492,Future Analytics,Medium,Government,Emerging
1493,Global Analytics,Large,Education,Growing
1494,Future Technologies,Small,Agriculture,Growing
1495,NextGen Technologies,Startup,Finance,Growing
1496,NextGen Solutions,Large,Agriculture,Emerging
1497,NextGen Analytics,Medium,Government,Growing
1498,Global Analytics,Small,Energy,Emerging
1499,Future Systems,Medium,Agriculture,Growing
1500,Global Solutions,Small,Healthcare,Growing
1501,NextGen Systems,Small,Healthcare,Emerging
1502,Prime Technologies,Large,Finance,Emerging
1503,NextGen Solutions,Small,Energy,Emerging
1504,Global Systems,Startup,Agriculture,Emerging
1505,Future Solutions,Medium,Education,Emerging
1506,Global Systems,Medium,Government,Emerging
1507,NextGen Solutions,Enterprise,Healthcare,Emerging
1508,Future Solutions,Medium,Energy,Growing
1509,Prime Systems,Medium,Tech,Mature
1510,Future Systems,Large,Education,Emerging
1511,Global Technologies,Enterprise,Education,Emerging
1512,Prime Systems,Startup,Finance,Mature
1513,Future Analytics,Large,Tech,Mature
1514,Prime Technologies,Enterprise,Government,Emerging
1515,Prime Technologies,Enterprise,Retail,Emerging
1516,Global Technologies,Medium,Retail,Growing
1517,Global Analytics,Large,Retail,Growing
1518,Future Analytics,Enterprise,Tech,Mature
